,ticker,ma50,ma200,ADX,ADXR,AROONOSC,stochK,stochD,TRIX,ULTOSC,MACD,MACDSIG,MACDHIST,TRANGE,BBupperband,BBmiddleband,BBlowerband,apo,cci,cfo,cmo,cti,mom,roc,rsi,rsx,willr,wma,tema,atr,rvi,VIX,VXN,Market Cap,DPC,Cumulative Return,PriceUp,Close Change,Open Change,High Change,Low Change,Target,AD_difference,AD_RATIO
0,AAPL,,,,,,,,,,,,,,,,,,,,,,,,,,,,,,,13.119999885559082,16.600000381469727,1.6727135492128584,,,-1,,,,,0,-494,0.0
1,MSFT,,,,,,,,,,,,,,,,,,,,,,,,,,,,,,,13.119999885559082,16.600000381469727,-0.170689175427297,,,-1,,,,,0,-494,0.0
2,AMZN,,,,,,,,,,,,,,,,,,,,,,,,,,,,,,,13.119999885559082,16.600000381469727,-0.007884113928684,,,-1,,,,,0,-494,0.0
3,TSLA,,,,,,,,,,,,,,,,,,,,,,,,,,,,,,,13.119999885559082,16.600000381469727,0.2460788331699129,,,-1,,,,,0,-494,0.0
4,META,,,,,,,,,,,,,,,,,,,,,,,,,,,,,,,13.119999885559082,16.600000381469727,1.2169355945203386,,,-1,,,,,0,-494,0.0
5,UNH,,,,,,,,,,,,,,,,,,,,,,,,,,,,,,,13.119999885559082,16.600000381469727,2.652863959316227,,,-1,,,,,0,-494,0.0
6,V,,,,,,,,,,,,,,,,,,,,,,,,,,,,,,,13.119999885559082,16.600000381469727,-0.3158672164243467,,,-1,,,,,0,-494,0.0
7,NVDA,,,,,,,,,,,,,,,,,,,,,,,,,,,,,,,13.119999885559082,16.600000381469727,-0.1392377935585307,,,-1,,,,,0,-494,0.0
8,JNJ,,,,,,,,,,,,,,,,,,,,,,,,,,,,,,,13.119999885559082,16.600000381469727,-0.343007048256084,,,-1,,,,,0,-494,0.0
9,WMT,,,,,,,,,,,,,,,,,,,,,,,,,,,,,,,13.119999885559082,16.600000381469727,-0.1097499917020492,,,-1,,,,,0,-494,0.0
10,XOM,,,,,,,,,,,,,,,,,,,,,,,,,,,,,,,13.119999885559082,16.600000381469727,1.1427355687788083,,,-1,,,,,0,-494,0.0
11,JPM,,,,,,,,,,,,,,,,,,,,,,,,,,,,,,,13.119999885559082,16.600000381469727,0.1733616900049806,,,-1,,,,,0,-494,0.0
12,PG,,,,,,,,,,,,,,,,,,,,,,,,,,,,,,,13.119999885559082,16.600000381469727,0.1799084815703878,,,-1,,,,,0,-494,0.0
13,MA,,,,,,,,,,,,,,,,,,,,,,,,,,,,,,,13.119999885559082,16.600000381469727,2.605476881321008,,,-1,,,,,0,-494,0.0
14,HD,,,,,,,,,,,,,,,,,,,,,,,,,,,,,,,13.119999885559082,16.600000381469727,-0.4079683919234118,,,-1,,,,,0,-494,0.0
15,CVX,,,,,,,,,,,,,,,,,,,,,,,,,,,,,,,13.119999885559082,16.600000381469727,5.552145083179577,,,-1,,,,,0,-494,0.0
16,LLY,,,,,,,,,,,,,,,,,,,,,,,,,,,,,,,13.119999885559082,16.600000381469727,2.555488669745821,,,-1,,,,,0,-494,0.0
17,BAC,,,,,,,,,,,,,,,,,,,,,,,,,,,,,,,13.119999885559082,16.600000381469727,-0.031958767604316,,,-1,,,,,0,-494,0.0
18,KO,,,,,,,,,,,,,,,,,,,,,,,,,,,,,,,13.119999885559082,16.600000381469727,1.158571398105404,,,-1,,,,,0,-494,0.0
19,PFE,,,,,,,,,,,,,,,,,,,,,,,,,,,,,,,13.119999885559082,16.600000381469727,0.7300799137821989,,,-1,,,,,0,-494,0.0
20,ABBV,,,,,,,,,,,,,,,,,,,,,,,,,,,,,,,13.119999885559082,16.600000381469727,0.1637097387232787,,,-1,,,,,0,-494,0.0
21,PEP,,,,,,,,,,,,,,,,,,,,,,,,,,,,,,,13.119999885559082,16.600000381469727,0.4387174661405357,,,-1,,,,,0,-494,0.0
22,COST,,,,,,,,,,,,,,,,,,,,,,,,,,,,,,,13.119999885559082,16.600000381469727,-0.6840193888554745,,,-1,,,,,0,-494,0.0
23,TMO,,,,,,,,,,,,,,,,,,,,,,,,,,,,,,,13.119999885559082,16.600000381469727,-0.2065229801633774,,,-1,,,,,0,-494,0.0
24,MRK,,,,,,,,,,,,,,,,,,,,,,,,,,,,,,,13.119999885559082,16.600000381469727,0.1149979048983407,,,-1,,,,,0,-494,0.0
25,DIS,,,,,,,,,,,,,,,,,,,,,,,,,,,,,,,13.119999885559082,16.600000381469727,1.711074087483447,,,-1,,,,,0,-494,0.0
26,AVGO,,,,,,,,,,,,,,,,,,,,,,,,,,,,,,,13.119999885559082,16.600000381469727,-0.4555500869315521,,,-1,,,,,0,-494,0.0
27,DHR,,,,,,,,,,,,,,,,,,,,,,,,,,,,,,,13.119999885559082,16.600000381469727,0.326405626706128,,,-1,,,,,0,-494,0.0
28,ACN,,,,,,,,,,,,,,,,,,,,,,,,,,,,,,,13.119999885559082,16.600000381469727,-0.6509131578089009,,,-1,,,,,0,-494,0.0
29,ORCL,,,,,,,,,,,,,,,,,,,,,,,,,,,,,,,13.119999885559082,16.600000381469727,-0.3536598823708343,,,-1,,,,,0,-494,0.0
30,ADBE,,,,,,,,,,,,,,,,,,,,,,,,,,,,,,,13.119999885559082,16.600000381469727,0.4305814354933258,,,-1,,,,,0,-494,0.0
31,ABT,,,,,,,,,,,,,,,,,,,,,,,,,,,,,,,13.119999885559082,16.600000381469727,0.2018975014643567,,,-1,,,,,0,-494,0.0
32,MCD,,,,,,,,,,,,,,,,,,,,,,,,,,,,,,,13.119999885559082,16.600000381469727,3.2865235216893103,,,-1,,,,,0,-494,0.0
33,CSCO,,,,,,,,,,,,,,,,,,,,,,,,,,,,,,,13.119999885559082,16.600000381469727,0.0495381360609155,,,-1,,,,,0,-494,0.0
34,VZ,,,,,,,,,,,,,,,,,,,,,,,,,,,,,,,13.119999885559082,16.600000381469727,0.7174620080378459,,,-1,,,,,0,-494,0.0
35,CRM,,,,,,,,,,,,,,,,,,,,,,,,,,,,,,,13.119999885559082,16.600000381469727,-0.6106812697159216,,,-1,,,,,0,-494,0.0
36,NKE,,,,,,,,,,,,,,,,,,,,,,,,,,,,,,,13.119999885559082,16.600000381469727,0.9117382442770632,,,-1,,,,,0,-494,0.0
37,TMUS,,,,,,,,,,,,,,,,,,,,,,,,,,,,,,,13.119999885559082,16.600000381469727,-0.2193894036146114,,,-1,,,,,0,-494,0.0
38,UPS,,,,,,,,,,,,,,,,,,,,,,,,,,,,,,,13.119999885559082,16.600000381469727,1.055326173074436,,,-1,,,,,0,-494,0.0
39,CMCSA,,,,,,,,,,,,,,,,,,,,,,,,,,,,,,,13.119999885559082,16.600000381469727,-0.2572039298125391,,,-1,,,,,0,-494,0.0
40,NEE,,,,,,,,,,,,,,,,,,,,,,,,,,,,,,,13.119999885559082,16.600000381469727,1.0068095665837662,,,-1,,,,,0,-494,0.0
41,WFC,,,,,,,,,,,,,,,,,,,,,,,,,,,,,,,13.119999885559082,16.600000381469727,-0.0372661010828655,,,-1,,,,,0,-494,0.0
42,QCOM,,,,,,,,,,,,,,,,,,,,,,,,,,,,,,,13.119999885559082,16.600000381469727,0.8181566492536522,,,-1,,,,,0,-494,0.0
43,TXN,,,,,,,,,,,,,,,,,,,,,,,,,,,,,,,13.119999885559082,16.600000381469727,-0.0602021906614794,,,-1,,,,,0,-494,0.0
44,AMD,,,,,,,,,,,,,,,,,,,,,,,,,,,,,,,13.119999885559082,16.600000381469727,-0.0335591333099063,,,-1,,,,,0,-494,0.0
45,BMY,,,,,,,,,,,,,,,,,,,,,,,,,,,,,,,13.119999885559082,16.600000381469727,0.3225727482673888,,,-1,,,,,0,-494,0.0
46,PM,,,,,,,,,,,,,,,,,,,,,,,,,,,,,,,13.119999885559082,16.600000381469727,0.0533856036502374,,,-1,,,,,0,-494,0.0
47,MS,,,,,,,,,,,,,,,,,,,,,,,,,,,,,,,13.119999885559082,16.600000381469727,-0.1570301037502386,,,-1,,,,,0,-494,0.0
48,LIN,,,,,,,,,,,,,,,,,,,,,,,,,,,,,,,13.119999885559082,16.600000381469727,-0.5255660246639067,,,-1,,,,,0,-494,0.0
49,UNP,,,,,,,,,,,,,,,,,,,,,,,,,,,,,,,13.119999885559082,16.600000381469727,-0.4605831600430702,,,-1,,,,,0,-494,0.0
50,INTC,,,,,,,,,,,,,,,,,,,,,,,,,,,,,,,13.119999885559082,16.600000381469727,0.7690695866848455,,,-1,,,,,0,-494,0.0
51,SCHW,,,,,,,,,,,,,,,,,,,,,,,,,,,,,,,13.119999885559082,16.600000381469727,-0.387854755061562,,,-1,,,,,0,-494,0.0
52,RTX,,,,,,,,,,,,,,,,,,,,,,,,,,,,,,,13.119999885559082,16.600000381469727,0.1791233809060312,,,-1,,,,,0,-494,0.0
53,CVS,,,,,,,,,,,,,,,,,,,,,,,,,,,,,,,13.119999885559082,16.600000381469727,1.1690699055925586,,,-1,,,,,0,-494,0.0
54,HON,,,,,,,,,,,,,,,,,,,,,,,,,,,,,,,13.119999885559082,16.600000381469727,1.1796561889591308,,,-1,,,,,0,-494,0.0
55,LOW,,,,,,,,,,,,,,,,,,,,,,,,,,,,,,,13.119999885559082,16.600000381469727,-0.447041789425422,,,-1,,,,,0,-494,0.0
56,AMGN,,,,,,,,,,,,,,,,,,,,,,,,,,,,,,,13.119999885559082,16.600000381469727,0.5497703526128159,,,-1,,,,,0,-494,0.0
57,INTU,,,,,,,,,,,,,,,,,,,,,,,,,,,,,,,13.119999885559082,16.600000381469727,0.1754730984152613,,,-1,,,,,0,-494,0.0
58,T,,,,,,,,,,,,,,,,,,,,,,,,,,,,,,,13.119999885559082,16.600000381469727,0.1176868283258859,,,-1,,,,,0,-494,0.0
59,SPGI,,,,,,,,,,,,,,,,,,,,,,,,,,,,,,,13.119999885559082,16.600000381469727,-0.4303288318318462,,,-1,,,,,0,-494,0.0
60,AMT,,,,,,,,,,,,,,,,,,,,,,,,,,,,,,,13.119999885559082,16.600000381469727,-0.6843812052837729,,,-1,,,,,0,-494,0.0
61,COP,,,,,,,,,,,,,,,,,,,,,,,,,,,,,,,13.119999885559082,16.600000381469727,1.5110787451510543,,,-1,,,,,0,-494,0.0
62,MDT,,,,,,,,,,,,,,,,,,,,,,,,,,,,,,,13.119999885559082,16.600000381469727,0.9896936151629114,,,-1,,,,,0,-494,0.0
63,AXP,,,,,,,,,,,,,,,,,,,,,,,,,,,,,,,13.119999885559082,16.600000381469727,-0.8540734235917035,,,-1,,,,,0,-494,0.0
64,IBM,,,,,,,,,,,,,,,,,,,,,,,,,,,,,,,13.119999885559082,16.600000381469727,0.6061808907593806,,,-1,,,,,0,-494,0.0
65,GS,,,,,,,,,,,,,,,,,,,,,,,,,,,,,,,13.119999885559082,16.600000381469727,-0.4993461961632577,,,-1,,,,,0,-494,0.0
66,ELV,,,,,,,,,,,,,,,,,,,,,,,,,,,,,,,13.119999885559082,16.600000381469727,1.599321368710038,,,-1,,,,,0,-494,0.0
67,PYPL,,,,,,,,,,,,,,,,,,,,,,,,,,,,,,,13.119999885559082,16.600000381469727,0.145609439514853,,,-1,,,,,0,-494,0.0
68,LMT,,,,,,,,,,,,,,,,,,,,,,,,,,,,,,,13.119999885559082,16.600000381469727,-0.6014071683974846,,,-1,,,,,0,-494,0.0
69,BLK,,,,,,,,,,,,,,,,,,,,,,,,,,,,,,,13.119999885559082,16.600000381469727,0.480536532894926,,,-1,,,,,0,-494,0.0
70,DE,,,,,,,,,,,,,,,,,,,,,,,,,,,,,,,13.119999885559082,16.600000381469727,-0.4271933626270238,,,-1,,,,,0,-494,0.0
71,NFLX,,,,,,,,,,,,,,,,,,,,,,,,,,,,,,,13.119999885559082,16.600000381469727,-0.6908785965164254,,,-1,,,,,0,-494,0.0
72,ADP,,,,,,,,,,,,,,,,,,,,,,,,,,,,,,,13.119999885559082,16.600000381469727,0.0425743778980625,,,-1,,,,,0,-494,0.0
73,C,,,,,,,,,,,,,,,,,,,,,,,,,,,,,,,13.119999885559082,16.600000381469727,-0.4880574783041513,,,-1,,,,,0,-494,0.0
74,CAT,,,,,,,,,,,,,,,,,,,,,,,,,,,,,,,13.119999885559082,16.600000381469727,-0.0433646179364965,,,-1,,,,,0,-494,0.0
75,SBUX,,,,,,,,,,,,,,,,,,,,,,,,,,,,,,,13.119999885559082,16.600000381469727,-0.332375513514152,,,-1,,,,,0,-494,0.0
76,BA,,,,,,,,,,,,,,,,,,,,,,,,,,,,,,,13.119999885559082,16.600000381469727,-0.230335492392405,,,-1,,,,,0,-494,0.0
77,PLD,,,,,,,,,,,,,,,,,,,,,,,,,,,,,,,13.119999885559082,16.600000381469727,0.1363684709564331,,,-1,,,,,0,-494,0.0
78,NOW,,,,,,,,,,,,,,,,,,,,,,,,,,,,,,,13.119999885559082,16.600000381469727,-0.2110438016495858,,,-1,,,,,0,-494,0.0
79,EL,,,,,,,,,,,,,,,,,,,,,,,,,,,,,,,13.119999885559082,16.600000381469727,0.1428749231967788,,,-1,,,,,0,-494,0.0
80,AMAT,,,,,,,,,,,,,,,,,,,,,,,,,,,,,,,13.119999885559082,16.600000381469727,0.3316665766450893,,,-1,,,,,0,-494,0.0
81,ADI,,,,,,,,,,,,,,,,,,,,,,,,,,,,,,,13.119999885559082,16.600000381469727,0.2575241680934904,,,-1,,,,,0,-494,0.0
82,MDLZ,,,,,,,,,,,,,,,,,,,,,,,,,,,,,,,13.119999885559082,16.600000381469727,0.9775659885719288,,,-1,,,,,0,-494,0.0
83,GE,,,,,,,,,,,,,,,,,,,,,,,,,,,,,,,13.119999885559082,16.600000381469727,2.9822583127712474,,,-1,,,,,0,-494,0.0
84,CI,,,,,,,,,,,,,,,,,,,,,,,,,,,,,,,13.119999885559082,16.600000381469727,1.0428368029607271,,,-1,,,,,0,-494,0.0
85,MMC,,,,,,,,,,,,,,,,,,,,,,,,,,,,,,,13.119999885559082,16.600000381469727,-0.0577514636835546,,,-1,,,,,0,-494,0.0
86,DUK,,,,,,,,,,,,,,,,,,,,,,,,,,,,,,,13.119999885559082,16.600000381469727,0.5225910892574342,,,-1,,,,,0,-494,0.0
87,MMM,,,,,,,,,,,,,,,,,,,,,,,,,,,,,,,13.119999885559082,16.600000381469727,1.488409318393791,,,-1,,,,,0,-494,0.0
88,BKNG,,,,,,,,,,,,,,,,,,,,,,,,,,,,,,,13.119999885559082,16.600000381469727,0.4572778927385954,,,-1,,,,,0,-494,0.0
89,SYK,,,,,,,,,,,,,,,,,,,,,,,,,,,,,,,13.119999885559082,16.600000381469727,-0.0919912160051236,,,-1,,,,,0,-494,0.0
90,SO,,,,,,,,,,,,,,,,,,,,,,,,,,,,,,,13.119999885559082,16.600000381469727,1.2191103904898886,,,-1,,,,,0,-494,0.0
91,TGT,,,,,,,,,,,,,,,,,,,,,,,,,,,,,,,13.119999885559082,16.600000381469727,-0.1786444392931711,,,-1,,,,,0,-494,0.0
92,ISRG,,,,,,,,,,,,,,,,,,,,,,,,,,,,,,,13.119999885559082,16.600000381469727,0.2138234604036331,,,-1,,,,,0,-494,0.0
93,GILD,,,,,,,,,,,,,,,,,,,,,,,,,,,,,,,13.119999885559082,16.600000381469727,0.4379177191236207,,,-1,,,,,0,-494,0.0
94,CB,,,,,,,,,,,,,,,,,,,,,,,,,,,,,,,13.119999885559082,16.600000381469727,1.016406968234452,,,-1,,,,,0,-494,0.0
95,GOOG,,,,,,,,,,,,,,,,,,,,,,,,,,,,,,,13.119999885559082,16.600000381469727,6.094066307349702,,,-1,,,,,0,-494,0.0
96,GOOGL,,,,,,,,,,,,,,,,,,,,,,,,,,,,,,,13.119999885559082,16.600000381469727,5.653756235365575,,,-1,,,,,0,-494,0.0
97,MO,,,,,,,,,,,,,,,,,,,,,,,,,,,,,,,13.119999885559082,16.600000381469727,1.2427118272974564,,,-1,,,,,0,-494,0.0
98,ZTS,,,,,,,,,,,,,,,,,,,,,,,,,,,,,,,13.119999885559082,16.600000381469727,0.162637361874183,,,-1,,,,,0,-494,0.0
99,CCI,,,,,,,,,,,,,,,,,,,,,,,,,,,,,,,13.119999885559082,16.600000381469727,0.169721590793086,,,-1,,,,,0,-494,0.0
100,TJX,,,,,,,,,,,,,,,,,,,,,,,,,,,,,,,13.119999885559082,16.600000381469727,-0.5733470836290877,,,-1,,,,,0,-494,0.0
101,VRTX,,,,,,,,,,,,,,,,,,,,,,,,,,,,,,,13.119999885559082,16.600000381469727,1.157209278815797,,,-1,,,,,0,-494,0.0
102,CHTR,,,,,,,,,,,,,,,,,,,,,,,,,,,,,,,13.119999885559082,16.600000381469727,0.5363637267241871,,,-1,,,,,0,-494,0.0
103,BDX,,,,,,,,,,,,,,,,,,,,,,,,,,,,,,,13.119999885559082,16.600000381469727,1.3476222235825783,,,-1,,,,,0,-494,0.0
104,NOC,,,,,,,,,,,,,,,,,,,,,,,,,,,,,,,13.119999885559082,16.600000381469727,-0.1536156940220795,,,-1,,,,,0,-494,0.0
105,CME,,,,,,,,,,,,,,,,,,,,,,,,,,,,,,,13.119999885559082,16.600000381469727,0.5227410034779082,,,-1,,,,,0,-494,0.0
106,CSX,,,,,,,,,,,,,,,,,,,,,,,,,,,,,,,13.119999885559082,16.600000381469727,-0.286768924968949,,,-1,,,,,0,-494,0.0
107,USB,,,,,,,,,,,,,,,,,,,,,,,,,,,,,,,13.119999885559082,16.600000381469727,0.4578629539405006,,,-1,,,,,0,-494,0.0
108,WM,,,,,,,,,,,,,,,,,,,,,,,,,,,,,,,13.119999885559082,16.600000381469727,-0.6343807363136086,,,-1,,,,,0,-494,0.0
109,PNC,,,,,,,,,,,,,,,,,,,,,,,,,,,,,,,13.119999885559082,16.600000381469727,-0.583629993839501,,,-1,,,,,0,-494,0.0
110,PGR,,,,,,,,,,,,,,,,,,,,,,,,,,,,,,,13.119999885559082,16.600000381469727,-0.2293484959001017,,,-1,,,,,0,-494,0.0
111,D,,,,,,,,,,,,,,,,,,,,,,,,,,,,,,,13.119999885559082,16.600000381469727,-0.3387661544782138,,,-1,,,,,0,-494,0.0
112,FISV,,,,,,,,,,,,,,,,,,,,,,,,,,,,,,,13.119999885559082,16.600000381469727,0.2494448996053597,,,-1,,,,,0,-494,0.0
113,LRCX,,,,,,,,,,,,,,,,,,,,,,,,,,,,,,,13.119999885559082,16.600000381469727,-0.2327596423280455,,,-1,,,,,0,-494,0.0
114,MU,,,,,,,,,,,,,,,,,,,,,,,,,,,,,,,13.119999885559082,16.600000381469727,-0.8420305600067739,,,-1,,,,,0,-494,0.0
115,REGN,,,,,,,,,,,,,,,,,,,,,,,,,,,,,,,13.119999885559082,16.600000381469727,-0.5296761824237384,,,-1,,,,,0,-494,0.0
116,TFC,,,,,,,,,,,,,,,,,,,,,,,,,,,,,,,13.119999885559082,16.600000381469727,0.8188025834862215,,,-1,,,,,0,-494,0.0
117,CL,,,,,,,,,,,,,,,,,,,,,,,,,,,,,,,13.119999885559082,16.600000381469727,0.8331484055211305,,,-1,,,,,0,-494,0.0
118,ITW,,,,,,,,,,,,,,,,,,,,,,,,,,,,,,,13.119999885559082,16.600000381469727,1.0597077787774134,,,-1,,,,,0,-494,0.0
119,MRNA,,,,,,,,,,,,,,,,,,,,,,,,,,,,,,,13.119999885559082,16.600000381469727,-0.5048230266249808,,,-1,,,,,0,-494,0.0
120,SHW,,,,,,,,,,,,,,,,,,,,,,,,,,,,,,,13.119999885559082,16.600000381469727,0.1433706547720433,,,-1,,,,,0,-494,0.0
121,GD,,,,,,,,,,,,,,,,,,,,,,,,,,,,,,,13.119999885559082,16.600000381469727,0.2076818726022438,,,-1,,,,,0,-494,0.0
122,EOG,,,,,,,,,,,,,,,,,,,,,,,,,,,,,,,13.119999885559082,16.600000381469727,0.4682243986937047,,,-1,,,,,0,-494,0.0
123,NSC,,,,,,,,,,,,,,,,,,,,,,,,,,,,,,,13.119999885559082,16.600000381469727,-0.6415503324737883,,,-1,,,,,0,-494,0.0
124,F,,,,,,,,,,,,,,,,,,,,,,,,,,,,,,,13.119999885559082,16.600000381469727,0.8349804635648502,,,-1,,,,,0,-494,0.0
125,EQIX,,,,,,,,,,,,,,,,,,,,,,,,,,,,,,,13.119999885559082,16.600000381469727,-0.2222264540089137,,,-1,,,,,0,-494,0.0
126,AON,,,,,,,,,,,,,,,,,,,,,,,,,,,,,,,13.119999885559082,16.600000381469727,0.52464068185802,,,-1,,,,,0,-494,0.0
127,EW,,,,,,,,,,,,,,,,,,,,,,,,,,,,,,,13.119999885559082,16.600000381469727,-0.6492065939544082,,,-1,,,,,0,-494,0.0
128,ATVI,,,,,,,,,,,,,,,,,,,,,,,,,,,,,,,13.119999885559082,16.600000381469727,-0.0783337768218805,,,-1,,,,,0,-494,0.0
129,FIS,,,,,,,,,,,,,,,,,,,,,,,,,,,,,,,13.119999885559082,16.600000381469727,0.48657193671802,,,-1,,,,,0,-494,0.0
130,HUM,,,,,,,,,,,,,,,,,,,,,,,,,,,,,,,13.119999885559082,16.600000381469727,0.1941820895146948,,,-1,,,,,0,-494,0.0
131,ICE,,,,,,,,,,,,,,,,,,,,,,,,,,,,,,,13.119999885559082,16.600000381469727,1.1463984721696068,,,-1,,,,,0,-494,0.0
132,PSA,,,,,,,,,,,,,,,,,,,,,,,,,,,,,,,13.119999885559082,16.600000381469727,0.3368636949535987,,,-1,,,,,0,-494,0.0
133,FDX,,,,,,,,,,,,,,,,,,,,,,,,,,,,,,,13.119999885559082,16.600000381469727,-0.255732742326539,,,-1,,,,,0,-494,0.0
134,HCA,,,,,,,,,,,,,,,,,,,,,,,,,,,,,,,13.119999885559082,16.600000381469727,2.5734579378889086,,,-1,,,,,0,-494,0.0
135,ETN,,,,,,,,,,,,,,,,,,,,,,,,,,,,,,,13.119999885559082,16.600000381469727,2.96127147589867,,,-1,,,,,0,-494,0.0
136,APD,,,,,,,,,,,,,,,,,,,,,,,,,,,,,,,13.119999885559082,16.600000381469727,0.5694385645909809,,,-1,,,,,0,-494,0.0
137,BSX,,,,,,,,,,,,,,,,,,,,,,,,,,,,,,,13.119999885559082,16.600000381469727,0.3713611203093683,,,-1,,,,,0,-494,0.0
138,OXY,,,,,,,,,,,,,,,,,,,,,,,,,,,,,,,13.119999885559082,16.600000381469727,2.846766683064809,,,-1,,,,,0,-494,0.0
139,MCO,,,,,,,,,,,,,,,,,,,,,,,,,,,,,,,13.119999885559082,16.600000381469727,0.0310732914745064,,,-1,,,,,0,-494,0.0
140,SNPS,,,,,,,,,,,,,,,,,,,,,,,,,,,,,,,13.119999885559082,16.600000381469727,-0.7044794776110195,,,-1,,,,,0,-494,0.0
141,DG,,,,,,,,,,,,,,,,,,,,,,,,,,,,,,,13.119999885559082,16.600000381469727,-0.1593120787790497,,,-1,,,,,0,-494,0.0
142,GM,,,,,,,,,,,,,,,,,,,,,,,,,,,,,,,13.119999885559082,16.600000381469727,2.4961871346228977,,,-1,,,,,0,-494,0.0
143,KDP,,,,,,,,,,,,,,,,,,,,,,,,,,,,,,,13.119999885559082,16.600000381469727,-0.0065164006329478,,,-1,,,,,0,-494,0.0
144,PXD,,,,,,,,,,,,,,,,,,,,,,,,,,,,,,,13.119999885559082,16.600000381469727,0.1091017445707168,,,-1,,,,,0,-494,0.0
145,CNC,,,,,,,,,,,,,,,,,,,,,,,,,,,,,,,13.119999885559082,16.600000381469727,0.4327382670967807,,,-1,,,,,0,-494,0.0
146,MET,,,,,,,,,,,,,,,,,,,,,,,,,,,,,,,13.119999885559082,16.600000381469727,-0.2788439881658671,,,-1,,,,,0,-494,0.0
147,KLAC,,,,,,,,,,,,,,,,,,,,,,,,,,,,,,,13.119999885559082,16.600000381469727,-0.7664671124664064,,,-1,,,,,0,-494,0.0
148,MAR,,,,,,,,,,,,,,,,,,,,,,,,,,,,,,,13.119999885559082,16.600000381469727,-0.5699916318192134,,,-1,,,,,0,-494,0.0
149,MCK,,,,,,,,,,,,,,,,,,,,,,,,,,,,,,,13.119999885559082,16.600000381469727,-0.798515289939549,,,-1,,,,,0,-494,0.0
150,AEP,,,,,,,,,,,,,,,,,,,,,,,,,,,,,,,13.119999885559082,16.600000381469727,0.3080037023690221,,,-1,,,,,0,-494,0.0
151,EMR,,,,,,,,,,,,,,,,,,,,,,,,,,,,,,,13.119999885559082,16.600000381469727,2.163552884504803,,,-1,,,,,0,-494,0.0
152,SRE,,,,,,,,,,,,,,,,,,,,,,,,,,,,,,,13.119999885559082,16.600000381469727,0.7381130382920762,,,-1,,,,,0,-494,0.0
153,CDNS,,,,,,,,,,,,,,,,,,,,,,,,,,,,,,,13.119999885559082,16.600000381469727,0.008606648635954,,,-1,,,,,0,-494,0.0
154,ADSK,,,,,,,,,,,,,,,,,,,,,,,,,,,,,,,13.119999885559082,16.600000381469727,-0.5325711612944908,,,-1,,,,,0,-494,0.0
155,ECL,,,,,,,,,,,,,,,,,,,,,,,,,,,,,,,13.119999885559082,16.600000381469727,1.0707702153958605,,,-1,,,,,0,-494,0.0
156,SLB,,,,,,,,,,,,,,,,,,,,,,,,,,,,,,,13.119999885559082,16.600000381469727,1.1319444756510266,,,-1,,,,,0,-494,0.0
157,PAYX,,,,,,,,,,,,,,,,,,,,,,,,,,,,,,,13.119999885559082,16.600000381469727,0.4289923933790077,,,-1,,,,,0,-494,0.0
158,NXPI,,,,,,,,,,,,,,,,,,,,,,,,,,,,,,,13.119999885559082,16.600000381469727,2.9270810115871893,,,-1,,,,,0,-494,0.0
159,MNST,,,,,,,,,,,,,,,,,,,,,,,,,,,,,,,13.119999885559082,16.600000381469727,0.9110811854634906,,,-1,,,,,0,-494,0.0
160,ADM,,,,,,,,,,,,,,,,,,,,,,,,,,,,,,,13.119999885559082,16.600000381469727,2.804621176368749,,,-1,,,,,0,-494,0.0
161,MPC,,,,,,,,,,,,,,,,,,,,,,,,,,,,,,,13.119999885559082,16.600000381469727,-0.3301446173116631,,,-1,,,,,0,-494,0.0
162,HSY,,,,,,,,,,,,,,,,,,,,,,,,,,,,,,,13.119999885559082,16.600000381469727,0.042087682282932,,,-1,,,,,0,-494,0.0
163,CMG,,,,,,,,,,,,,,,,,,,,,,,,,,,,,,,13.119999885559082,16.600000381469727,0.2351260687878887,,,-1,,,,,0,-494,0.0
164,KHC,,,,,,,,,,,,,,,,,,,,,,,,,,,,,,,13.119999885559082,16.600000381469727,0.2920362592730548,,,-1,,,,,0,-494,0.0
165,APH,,,,,,,,,,,,,,,,,,,,,,,,,,,,,,,13.119999885559082,16.600000381469727,0.568016910951479,,,-1,,,,,0,-494,0.0
166,ORLY,,,,,,,,,,,,,,,,,,,,,,,,,,,,,,,13.119999885559082,16.600000381469727,1.1594953823084129,,,-1,,,,,0,-494,0.0
167,STZ,,,,,,,,,,,,,,,,,,,,,,,,,,,,,,,13.119999885559082,16.600000381469727,0.3239359713805896,,,-1,,,,,0,-494,0.0
168,RSG,,,,,,,,,,,,,,,,,,,,,,,,,,,,,,,13.119999885559082,16.600000381469727,1.2260617487741594,,,-1,,,,,0,-494,0.0
169,KMB,,,,,,,,,,,,,,,,,,,,,,,,,,,,,,,13.119999885559082,16.600000381469727,0.2729919862969328,,,-1,,,,,0,-494,0.0
170,ROP,,,,,,,,,,,,,,,,,,,,,,,,,,,,,,,13.119999885559082,16.600000381469727,0.6430239909985578,,,-1,,,,,0,-494,0.0
171,GIS,,,,,,,,,,,,,,,,,,,,,,,,,,,,,,,13.119999885559082,16.600000381469727,0.3258819416785488,,,-1,,,,,0,-494,0.0
172,LHX,,,,,,,,,,,,,,,,,,,,,,,,,,,,,,,13.119999885559082,16.600000381469727,-0.4776780699246419,,,-1,,,,,0,-494,0.0
173,EXC,,,,,,,,,,,,,,,,,,,,,,,,,,,,,,,13.119999885559082,16.600000381469727,1.6793202986081497,,,-1,,,,,0,-494,0.0
174,IQV,,,,,,,,,,,,,,,,,,,,,,,,,,,,,,,13.119999885559082,16.600000381469727,-0.3446785112066931,,,-1,,,,,0,-494,0.0
175,AZO,,,,,,,,,,,,,,,,,,,,,,,,,,,,,,,13.119999885559082,16.600000381469727,-0.2359375993590377,,,-1,,,,,0,-494,0.0
176,FCX,,,,,,,,,,,,,,,,,,,,,,,,,,,,,,,13.119999885559082,16.600000381469727,0.5291261639178234,,,-1,,,,,0,-494,0.0
177,VLO,,,,,,,,,,,,,,,,,,,,,,,,,,,,,,,13.119999885559082,16.600000381469727,-0.0558904255711414,,,-1,,,,,0,-494,0.0
178,O,,,,,,,,,,,,,,,,,,,,,,,,,,,,,,,13.119999885559082,16.600000381469727,0.0109228737158911,,,-1,,,,,0,-494,0.0
179,COF,,,,,,,,,,,,,,,,,,,,,,,,,,,,,,,13.119999885559082,16.600000381469727,0.0818705809813595,,,-1,,,,,0,-494,0.0
180,CTAS,,,,,,,,,,,,,,,,,,,,,,,,,,,,,,,13.119999885559082,16.600000381469727,-0.1206179684513624,,,-1,,,,,0,-494,0.0
181,SYY,,,,,,,,,,,,,,,,,,,,,,,,,,,,,,,13.119999885559082,16.600000381469727,-0.2424114161345742,,,-1,,,,,0,-494,0.0
182,TEL,,,,,,,,,,,,,,,,,,,,,,,,,,,,,,,13.119999885559082,16.600000381469727,0.371984297882805,,,-1,,,,,0,-494,0.0
183,AIG,,,,,,,,,,,,,,,,,,,,,,,,,,,,,,,13.119999885559082,16.600000381469727,0.1420184851584301,,,-1,,,,,0,-494,0.0
184,PSX,,,,,,,,,,,,,,,,,,,,,,,,,,,,,,,13.119999885559082,16.600000381469727,1.001185181486963,,,-1,,,,,0,-494,0.0
185,MSI,,,,,,,,,,,,,,,,,,,,,,,,,,,,,,,13.119999885559082,16.600000381469727,-0.91226853876658,,,-1,,,,,0,-494,0.0
186,XEL,,,,,,,,,,,,,,,,,,,,,,,,,,,,,,,13.119999885559082,16.600000381469727,-0.5227956444639416,,,-1,,,,,0,-494,0.0
187,KMI,,,,,,,,,,,,,,,,,,,,,,,,,,,,,,,13.119999885559082,16.600000381469727,1.206209934917435,,,-1,,,,,0,-494,0.0
188,WMB,,,,,,,,,,,,,,,,,,,,,,,,,,,,,,,13.119999885559082,16.600000381469727,0.4082691152440447,,,-1,,,,,0,-494,0.0
189,FTNT,,,,,,,,,,,,,,,,,,,,,,,,,,,,,,,13.119999885559082,16.600000381469727,-0.1252230132685181,,,-1,,,,,0,-494,0.0
190,DVN,,,,,,,,,,,,,,,,,,,,,,,,,,,,,,,13.119999885559082,16.600000381469727,1.017274361430542,,,-1,,,,,0,-494,0.0
191,TRV,,,,,,,,,,,,,,,,,,,,,,,,,,,,,,,13.119999885559082,16.600000381469727,0.7061936499385402,,,-1,,,,,0,-494,0.0
192,MCHP,,,,,,,,,,,,,,,,,,,,,,,,,,,,,,,13.119999885559082,16.600000381469727,-0.2679313254525634,,,-1,,,,,0,-494,0.0
193,JCI,,,,,,,,,,,,,,,,,,,,,,,,,,,,,,,13.119999885559082,16.600000381469727,-0.4447067783976828,,,-1,,,,,0,-494,0.0
194,MSCI,,,,,,,,,,,,,,,,,,,,,,,,,,,,,,,13.119999885559082,16.600000381469727,1.015871826466361,,,-1,,,,,0,-494,0.0
195,AFL,,,,,,,,,,,,,,,,,,,,,,,,,,,,,,,13.119999885559082,16.600000381469727,0.8719801988165448,,,-1,,,,,0,-494,0.0
196,DOW,,,,,,,,,,,,,,,,,,,,,,,,,,,,,,,13.119999885559082,16.600000381469727,1.443301614252834,,,-1,,,,,0,-494,0.0
197,AJG,,,,,,,,,,,,,,,,,,,,,,,,,,,,,,,13.119999885559082,16.600000381469727,0.3993557616401289,,,-1,,,,,0,-494,0.0
198,ENPH,,,,,,,,,,,,,,,,,,,,,,,,,,,,,,,13.119999885559082,16.600000381469727,-0.9015030096850172,,,-1,,,,,0,-494,0.0
199,A,,,,,,,,,,,,,,,,,,,,,,,,,,,,,,,13.119999885559082,16.600000381469727,-0.5504842397813089,,,-1,,,,,0,-494,0.0
200,ANET,,,,,,,,,,,,,,,,,,,,,,,,,,,,,,,13.119999885559082,16.600000381469727,0.9347595471094784,,,-1,,,,,0,-494,0.0
201,PH,,,,,,,,,,,,,,,,,,,,,,,,,,,,,,,13.119999885559082,16.600000381469727,1.8324197112800389,,,-1,,,,,0,-494,0.0
202,PRU,,,,,,,,,,,,,,,,,,,,,,,,,,,,,,,13.119999885559082,16.600000381469727,0.0776122565361185,,,-1,,,,,0,-494,0.0
203,TT,,,,,,,,,,,,,,,,,,,,,,,,,,,,,,,13.119999885559082,16.600000381469727,6.547856040677685,,,-1,,,,,0,-494,0.0
204,DLR,,,,,,,,,,,,,,,,,,,,,,,,,,,,,,,13.119999885559082,16.600000381469727,1.0628725145835063,,,-1,,,,,0,-494,0.0
205,HLT,,,,,,,,,,,,,,,,,,,,,,,,,,,,,,,13.119999885559082,16.600000381469727,2.3787633619267714,,,-1,,,,,0,-494,0.0
206,DLTR,,,,,,,,,,,,,,,,,,,,,,,,,,,,,,,13.119999885559082,16.600000381469727,-0.4516046020539174,,,-1,,,,,0,-494,0.0
207,GPN,,,,,,,,,,,,,,,,,,,,,,,,,,,,,,,13.119999885559082,16.600000381469727,-0.4756105597643349,,,-1,,,,,0,-494,0.0
208,EA,,,,,,,,,,,,,,,,,,,,,,,,,,,,,,,13.119999885559082,16.600000381469727,-0.4185681237844342,,,-1,,,,,0,-494,0.0
209,SBAC,,,,,,,,,,,,,,,,,,,,,,,,,,,,,,,13.119999885559082,16.600000381469727,0.6099138337357007,,,-1,,,,,0,-494,0.0
210,SPG,,,,,,,,,,,,,,,,,,,,,,,,,,,,,,,13.119999885559082,16.600000381469727,1.4839692733843235,,,-1,,,,,0,-494,0.0
211,NUE,,,,,,,,,,,,,,,,,,,,,,,,,,,,,,,13.119999885559082,16.600000381469727,0.8509939137624745,,,-1,,,,,0,-494,0.0
212,TDG,,,,,,,,,,,,,,,,,,,,,,,,,,,,,,,13.119999885559082,16.600000381469727,-0.149642663947661,,,-1,,,,,0,-494,0.0
213,WELL,,,,,,,,,,,,,,,,,,,,,,,,,,,,,,,13.119999885559082,16.600000381469727,0.3072356224609398,,,-1,,,,,0,-494,0.0
214,NEM,,,,,,,,,,,,,,,,,,,,,,,,,,,,,,,13.119999885559082,16.600000381469727,-0.156221686393493,,,-1,,,,,0,-494,0.0
215,BK,,,,,,,,,,,,,,,,,,,,,,,,,,,,,,,13.119999885559082,16.600000381469727,1.1711312914907075,,,-1,,,,,0,-494,0.0
216,WBA,,,,,,,,,,,,,,,,,,,,,,,,,,,,,,,13.119999885559082,16.600000381469727,1.6721612476916023,,,-1,,,,,0,-494,0.0
217,CTSH,,,,,,,,,,,,,,,,,,,,,,,,,,,,,,,13.119999885559082,16.600000381469727,-0.3526720428568168,,,-1,,,,,0,-494,0.0
218,HPQ,,,,,,,,,,,,,,,,,,,,,,,,,,,,,,,13.119999885559082,16.600000381469727,-0.4018780334678674,,,-1,,,,,0,-494,0.0
219,DXCM,,,,,,,,,,,,,,,,,,,,,,,,,,,,,,,13.119999885559082,16.600000381469727,-0.0450281802916565,,,-1,,,,,0,-494,0.0
220,ED,,,,,,,,,,,,,,,,,,,,,,,,,,,,,,,13.119999885559082,16.600000381469727,0.4807799556049453,,,-1,,,,,0,-494,0.0
221,KR,,,,,,,,,,,,,,,,,,,,,,,,,,,,,,,13.119999885559082,16.600000381469727,-0.7687639459925351,,,-1,,,,,0,-494,0.0
222,ALL,,,,,,,,,,,,,,,,,,,,,,,,,,,,,,,13.119999885559082,16.600000381469727,0.2276425484383957,,,-1,,,,,0,-494,0.0
223,ODFL,,,,,,,,,,,,,,,,,,,,,,,,,,,,,,,13.119999885559082,16.600000381469727,-0.0006320436807325,,,-1,,,,,0,-494,0.0
224,RMD,,,,,,,,,,,,,,,,,,,,,,,,,,,,,,,13.119999885559082,16.600000381469727,0.1499884111270943,,,-1,,,,,0,-494,0.0
225,ILMN,,,,,,,,,,,,,,,,,,,,,,,,,,,,,,,13.119999885559082,16.600000381469727,0.0818701722782141,,,-1,,,,,0,-494,0.0
226,MTB,,,,,,,,,,,,,,,,,,,,,,,,,,,,,,,13.119999885559082,16.600000381469727,-0.2266672960636155,,,-1,,,,,0,-494,0.0
227,HES,,,,,,,,,,,,,,,,,,,,,,,,,,,,,,,13.119999885559082,16.600000381469727,0.5870073287438231,,,-1,,,,,0,-494,0.0
228,PEG,,,,,,,,,,,,,,,,,,,,,,,,,,,,,,,13.119999885559082,16.600000381469727,-0.0227519169931868,,,-1,,,,,0,-494,0.0
229,TWTR,,,,,,,,,,,,,,,,,,,,,,,,,,,,,,,13.119999885559082,16.600000381469727,1.530942557783616,,,-1,,,,,0,-494,0.0
230,VICI,,,,,,,,,,,,,,,,,,,,,,,,,,,,,,,13.119999885559082,16.600000381469727,-0.3100991668171987,,,-1,,,,,0,-494,0.0
231,YUM,,,,,,,,,,,,,,,,,,,,,,,,,,,,,,,13.119999885559082,16.600000381469727,0.9620826079377158,,,-1,,,,,0,-494,0.0
232,WEC,,,,,,,,,,,,,,,,,,,,,,,,,,,,,,,13.119999885559082,16.600000381469727,-0.7409046362380486,,,-1,,,,,0,-494,0.0
233,WBD,,,,,,,,,,,,,,,,,,,,,,,,,,,,,,,13.119999885559082,16.600000381469727,0.2313725132141418,,,-1,,,,,0,-494,0.0
234,PCAR,,,,,,,,,,,,,,,,,,,,,,,,,,,,,,,13.119999885559082,16.600000381469727,4.072918326907081,,,-1,,,,,0,-494,0.0
235,ALB,,,,,,,,,,,,,,,,,,,,,,,,,,,,,,,13.119999885559082,16.600000381469727,-0.2160137849523111,,,-1,,,,,0,-494,0.0
236,CMI,,,,,,,,,,,,,,,,,,,,,,,,,,,,,,,13.119999885559082,16.600000381469727,1.7321859996872986,,,-1,,,,,0,-494,0.0
237,ES,,,,,,,,,,,,,,,,,,,,,,,,,,,,,,,13.119999885559082,16.600000381469727,-0.2590793140286628,,,-1,,,,,0,-494,0.0
238,ROST,,,,,,,,,,,,,,,,,,,,,,,,,,,,,,,13.119999885559082,16.600000381469727,0.0288963192067931,,,-1,,,,,0,-494,0.0
239,PPG,,,,,,,,,,,,,,,,,,,,,,,,,,,,,,,13.119999885559082,16.600000381469727,-0.6039133204251514,,,-1,,,,,0,-494,0.0
240,FAST,,,,,,,,,,,,,,,,,,,,,,,,,,,,,,,13.119999885559082,16.600000381469727,0.2780743970518719,,,-1,,,,,0,-494,0.0
241,VRSK,,,,,,,,,,,,,,,,,,,,,,,,,,,,,,,13.119999885559082,16.600000381469727,0.4836829205720199,,,-1,,,,,0,-494,0.0
242,BIIB,,,,,,,,,,,,,,,,,,,,,,,,,,,,,,,13.119999885559082,16.600000381469727,0.6918093460839719,,,-1,,,,,0,-494,0.0
243,IDXX,,,,,,,,,,,,,,,,,,,,,,,,,,,,,,,13.119999885559082,16.600000381469727,0.3158791996683139,,,-1,,,,,0,-494,0.0
244,IFF,,,,,,,,,,,,,,,,,,,,,,,,,,,,,,,13.119999885559082,16.600000381469727,-0.43460636945123,,,-1,,,,,0,-494,0.0
245,ABC,,,,,,,,,,,,,,,,,,,,,,,,,,,,,,,13.119999885559082,16.600000381469727,-0.7515950755442712,,,-1,,,,,0,-494,0.0
246,GLW,,,,,,,,,,,,,,,,,,,,,,,,,,,,,,,13.119999885559082,16.600000381469727,3.7034655515711417,,,-1,,,,,0,-494,0.0
247,DD,,,,,,,,,,,,,,,,,,,,,,,,,,,,,,,13.119999885559082,16.600000381469727,1.1665050394337428,,,-1,,,,,0,-494,0.0
248,CPRT,,,,,,,,,,,,,,,,,,,,,,,,,,,,,,,13.119999885559082,16.600000381469727,1.1300267659547671,,,-1,,,,,0,-494,0.0
249,AMP,,,,,,,,,,,,,,,,,,,,,,,,,,,,,,,13.119999885559082,16.600000381469727,1.5318855768675292,,,-1,,,,,0,-494,0.0
250,BAX,,,,,,,,,,,,,,,,,,,,,,,,,,,,,,,13.119999885559082,16.600000381469727,0.5253247641492099,,,-1,,,,,0,-494,0.0
251,KEYS,,,,,,,,,,,,,,,,,,,,,,,,,,,,,,,13.119999885559082,16.600000381469727,-0.3293194650825948,,,-1,,,,,0,-494,0.0
252,AVB,,,,,,,,,,,,,,,,,,,,,,,,,,,,,,,13.119999885559082,16.600000381469727,0.0940138510744617,,,-1,,,,,0,-494,0.0
253,ON,,,,,,,,,,,,,,,,,,,,,,,,,,,,,,,13.119999885559082,16.600000381469727,1.7758920613485196,,,-1,,,,,0,-494,0.0
254,MTD,,,,,,,,,,,,,,,,,,,,,,,,,,,,,,,13.119999885559082,16.600000381469727,-1.0895617862499356,,,-1,,,,,0,-494,0.0
255,DFS,,,,,,,,,,,,,,,,,,,,,,,,,,,,,,,13.119999885559082,16.600000381469727,2.208297030800147,,,-1,,,,,0,-494,0.0
256,EQR,,,,,,,,,,,,,,,,,,,,,,,,,,,,,,,13.119999885559082,16.600000381469727,0.354152572740583,,,-1,,,,,0,-494,0.0
257,ROK,,,,,,,,,,,,,,,,,,,,,,,,,,,,,,,13.119999885559082,16.600000381469727,0.54143824316501,,,-1,,,,,0,-494,0.0
258,AME,,,,,,,,,,,,,,,,,,,,,,,,,,,,,,,13.119999885559082,16.600000381469727,0.9594350521071352,,,-1,,,,,0,-494,0.0
259,TSN,,,,,,,,,,,,,,,,,,,,,,,,,,,,,,,13.119999885559082,16.600000381469727,-0.2426001192145154,,,-1,,,,,0,-494,0.0
260,TROW,,,,,,,,,,,,,,,,,,,,,,,,,,,,,,,13.119999885559082,16.600000381469727,0.1840059884302383,,,-1,,,,,0,-494,0.0
261,LYB,,,,,,,,,,,,,,,,,,,,,,,,,,,,,,,13.119999885559082,16.600000381469727,0.0822837807463965,,,-1,,,,,0,-494,0.0
262,GWW,,,,,,,,,,,,,,,,,,,,,,,,,,,,,,,13.119999885559082,16.600000381469727,3.0408443015065925,,,-1,,,,,0,-494,0.0
263,FRC,,,,,,,,,,,,,,,,,,,,,,,,,,,,,,,13.119999885559082,16.600000381469727,0.7157150639285468,,,-1,,,,,0,-494,0.0
264,APTV,,,,,,,,,,,,,,,,,,,,,,,,,,,,,,,13.119999885559082,16.600000381469727,0.0491990590287248,,,-1,,,,,0,-494,0.0
265,LVS,,,,,,,,,,,,,,,,,,,,,,,,,,,,,,,13.119999885559082,16.600000381469727,-0.1562206239929694,,,-1,,,,,0,-494,0.0
266,AWK,,,,,,,,,,,,,,,,,,,,,,,,,,,,,,,13.119999885559082,16.600000381469727,0.4814250025280589,,,-1,,,,,0,-494,0.0
267,EXR,,,,,,,,,,,,,,,,,,,,,,,,,,,,,,,13.119999885559082,16.600000381469727,1.280652505962979,,,-1,,,,,0,-494,0.0
268,OKE,,,,,,,,,,,,,,,,,,,,,,,,,,,,,,,13.119999885559082,16.600000381469727,0.6965037172122762,,,-1,,,,,0,-494,0.0
269,SIVB,,,,,,,,,,,,,,,,,,,,,,,,,,,,,,,13.119999885559082,16.600000381469727,-0.3073462079815304,,,-1,,,,,0,-494,0.0
270,CBRE,,,,,,,,,,,,,,,,,,,,,,,,,,,,,,,13.119999885559082,16.600000381469727,-0.186817927802255,,,-1,,,,,0,-494,0.0
271,ARE,,,,,,,,,,,,,,,,,,,,,,,,,,,,,,,13.119999885559082,16.600000381469727,0.1019269562297744,,,-1,,,,,0,-494,0.0
272,HRL,,,,,,,,,,,,,,,,,,,,,,,,,,,,,,,13.119999885559082,16.600000381469727,1.1774658695046651,,,-1,,,,,0,-494,0.0
273,WY,,,,,,,,,,,,,,,,,,,,,,,,,,,,,,,13.119999885559082,16.600000381469727,0.7941687761242475,,,-1,,,,,0,-494,0.0
274,EIX,,,,,,,,,,,,,,,,,,,,,,,,,,,,,,,13.119999885559082,16.600000381469727,-0.005151623475972,,,-1,,,,,0,-494,0.0
275,STT,,,,,,,,,,,,,,,,,,,,,,,,,,,,,,,13.119999885559082,16.600000381469727,-0.6525490963129376,,,-1,,,,,0,-494,0.0
276,DHI,,,,,,,,,,,,,,,,,,,,,,,,,,,,,,,13.119999885559082,16.600000381469727,-0.1527939542397107,,,-1,,,,,0,-494,0.0
277,EBAY,,,,,,,,,,,,,,,,,,,,,,,,,,,,,,,13.119999885559082,16.600000381469727,0.0878252875080605,,,-1,,,,,0,-494,0.0
278,EFX,,,,,,,,,,,,,,,,,,,,,,,,,,,,,,,13.119999885559082,16.600000381469727,-0.3889445065295899,,,-1,,,,,0,-494,0.0
279,DTE,,,,,,,,,,,,,,,,,,,,,,,,,,,,,,,13.119999885559082,16.600000381469727,-0.2987497476973738,,,-1,,,,,0,-494,0.0
280,BKR,,,,,,,,,,,,,,,,,,,,,,,,,,,,,,,13.119999885559082,16.600000381469727,0.9786243174106936,,,-1,,,,,0,-494,0.0
281,K,,,,,,,,,,,,,,,,,,,,,,,,,,,,,,,13.119999885559082,16.600000381469727,0.2861270067940664,,,-1,,,,,0,-494,0.0
282,FITB,,,,,,,,,,,,,,,,,,,,,,,,,,,,,,,13.119999885559082,16.600000381469727,0.3767068535077366,,,-1,,,,,0,-494,0.0
283,EPAM,,,,,,,,,,,,,,,,,,,,,,,,,,,,,,,13.119999885559082,16.600000381469727,-0.4655368481109401,,,-1,,,,,0,-494,0.0
284,HAL,,,,,,,,,,,,,,,,,,,,,,,,,,,,,,,13.119999885559082,16.600000381469727,-0.1016300244351063,,,-1,,,,,0,-494,0.0
285,LEN,,,,,,,,,,,,,,,,,,,,,,,,,,,,,,,13.119999885559082,16.600000381469727,0.1420105192460669,,,-1,,,,,0,-494,0.0
286,IT,,,,,,,,,,,,,,,,,,,,,,,,,,,,,,,13.119999885559082,16.600000381469727,-0.0981880500450125,,,-1,,,,,0,-494,0.0
287,DRE,,,,,,,,,,,,,,,,,,,,,,,,,,,,,,,13.119999885559082,16.600000381469727,0.0580962469835121,,,-1,,,,,0,-494,0.0
288,MPWR,,,,,,,,,,,,,,,,,,,,,,,,,,,,,,,13.119999885559082,16.600000381469727,0.940680281639778,,,-1,,,,,0,-494,0.0
289,ETR,,,,,,,,,,,,,,,,,,,,,,,,,,,,,,,13.119999885559082,16.600000381469727,-0.2087911046503453,,,-1,,,,,0,-494,0.0
290,AEE,,,,,,,,,,,,,,,,,,,,,,,,,,,,,,,13.119999885559082,16.600000381469727,0.1434133448935722,,,-1,,,,,0,-494,0.0
291,CDW,,,,,,,,,,,,,,,,,,,,,,,,,,,,,,,13.119999885559082,16.600000381469727,-0.0605558363029694,,,-1,,,,,0,-494,0.0
292,WST,,,,,,,,,,,,,,,,,,,,,,,,,,,,,,,13.119999885559082,16.600000381469727,-0.4501251035239484,,,-1,,,,,0,-494,0.0
293,ANSS,,,,,,,,,,,,,,,,,,,,,,,,,,,,,,,13.119999885559082,16.600000381469727,-0.3525037360540163,,,-1,,,,,0,-494,0.0
294,MKC,,,,,,,,,,,,,,,,,,,,,,,,,,,,,,,13.119999885559082,16.600000381469727,1.2275409621994506,,,-1,,,,,0,-494,0.0
295,FTV,,,,,,,,,,,,,,,,,,,,,,,,,,,,,,,13.119999885559082,16.600000381469727,0.182032060393911,,,-1,,,,,0,-494,0.0
296,ZBH,,,,,,,,,,,,,,,,,,,,,,,,,,,,,,,13.119999885559082,16.600000381469727,0.4927967058800853,,,-1,,,,,0,-494,0.0
297,WTW,,,,,,,,,,,,,,,,,,,,,,,,,,,,,,,13.119999885559082,16.600000381469727,0.8714762602885754,,,-1,,,,,0,-494,0.0
298,LH,,,,,,,,,,,,,,,,,,,,,,,,,,,,,,,13.119999885559082,16.600000381469727,2.9204148014391507,,,-1,,,,,0,-494,0.0
299,RJF,,,,,,,,,,,,,,,,,,,,,,,,,,,,,,,13.119999885559082,16.600000381469727,0.2681493177126766,,,-1,,,,,0,-494,0.0
300,PAYC,,,,,,,,,,,,,,,,,,,,,,,,,,,,,,,13.119999885559082,16.600000381469727,0.5132948244354504,,,-1,,,,,0,-494,0.0
301,URI,,,,,,,,,,,,,,,,,,,,,,,,,,,,,,,13.119999885559082,16.600000381469727,0.089430898552019,,,-1,,,,,0,-494,0.0
302,VMC,,,,,,,,,,,,,,,,,,,,,,,,,,,,,,,13.119999885559082,16.600000381469727,2.310189838805646,,,-1,,,,,0,-494,0.0
303,LUV,,,,,,,,,,,,,,,,,,,,,,,,,,,,,,,13.119999885559082,16.600000381469727,0.4474375809339562,,,-1,,,,,0,-494,0.0
304,FE,,,,,,,,,,,,,,,,,,,,,,,,,,,,,,,13.119999885559082,16.600000381469727,0.336131536730355,,,-1,,,,,0,-494,0.0
305,CTRA,,,,,,,,,,,,,,,,,,,,,,,,,,,,,,,13.119999885559082,16.600000381469727,0.7412106092079437,,,-1,,,,,0,-494,0.0
306,MLM,,,,,,,,,,,,,,,,,,,,,,,,,,,,,,,13.119999885559082,16.600000381469727,3.198434322973727,,,-1,,,,,0,-494,0.0
307,LYV,,,,,,,,,,,,,,,,,,,,,,,,,,,,,,,13.119999885559082,16.600000381469727,0.8079664859949774,,,-1,,,,,0,-494,0.0
308,TTWO,,,,,,,,,,,,,,,,,,,,,,,,,,,,,,,13.119999885559082,16.600000381469727,-0.5015788838891885,,,-1,,,,,0,-494,0.0
309,PPL,,,,,,,,,,,,,,,,,,,,,,,,,,,,,,,13.119999885559082,16.600000381469727,4.808958403240764,,,-1,,,,,0,-494,0.0
310,TSCO,,,,,,,,,,,,,,,,,,,,,,,,,,,,,,,13.119999885559082,16.600000381469727,0.4651747248246131,,,-1,,,,,0,-494,0.0
311,DAL,,,,,,,,,,,,,,,,,,,,,,,,,,,,,,,13.119999885559082,16.600000381469727,-0.605010510822056,,,-1,,,,,0,-494,0.0
312,ALGN,,,,,,,,,,,,,,,,,,,,,,,,,,,,,,,13.119999885559082,16.600000381469727,0.0044269589326626,,,-1,,,,,0,-494,0.0
313,HIG,,,,,,,,,,,,,,,,,,,,,,,,,,,,,,,13.119999885559082,16.600000381469727,0.4943611138359975,,,-1,,,,,0,-494,0.0
314,GPC,,,,,,,,,,,,,,,,,,,,,,,,,,,,,,,13.119999885559082,16.600000381469727,0.467461828620539,,,-1,,,,,0,-494,0.0
315,VRSN,,,,,,,,,,,,,,,,,,,,,,,,,,,,,,,13.119999885559082,16.600000381469727,1.3767331963923128,,,-1,,,,,0,-494,0.0
316,FANG,,,,,,,,,,,,,,,,,,,,,,,,,,,,,,,13.119999885559082,16.600000381469727,0.4272891269076092,,,-1,,,,,0,-494,0.0
317,MAA,,,,,,,,,,,,,,,,,,,,,,,,,,,,,,,13.119999885559082,16.600000381469727,0.0151383518652228,,,-1,,,,,0,-494,0.0
318,IR,,,,,,,,,,,,,,,,,,,,,,,,,,,,,,,13.119999885559082,16.600000381469727,5.535088084297134,,,-1,,,,,0,-494,0.0
319,RF,,,,,,,,,,,,,,,,,,,,,,,,,,,,,,,13.119999885559082,16.600000381469727,0.1576768585983022,,,-1,,,,,0,-494,0.0
320,NTRS,,,,,,,,,,,,,,,,,,,,,,,,,,,,,,,13.119999885559082,16.600000381469727,1.429018015437922,,,-1,,,,,0,-494,0.0
321,CHD,,,,,,,,,,,,,,,,,,,,,,,,,,,,,,,13.119999885559082,16.600000381469727,-0.2124827930601591,,,-1,,,,,0,-494,0.0
322,STE,,,,,,,,,,,,,,,,,,,,,,,,,,,,,,,13.119999885559082,16.600000381469727,-0.6113195541795393,,,-1,,,,,0,-494,0.0
323,ULTA,,,,,,,,,,,,,,,,,,,,,,,,,,,,,,,13.119999885559082,16.600000381469727,-0.1867189801387526,,,-1,,,,,0,-494,0.0
324,HBAN,,,,,,,,,,,,,,,,,,,,,,,,,,,,,,,13.119999885559082,16.600000381469727,0.8756387335890928,,,-1,,,,,0,-494,0.0
325,BR,,,,,,,,,,,,,,,,,,,,,,,,,,,,,,,13.119999885559082,16.600000381469727,0.1683334626758225,,,-1,,,,,0,-494,0.0
326,CNP,,,,,,,,,,,,,,,,,,,,,,,,,,,,,,,13.119999885559082,16.600000381469727,0.0130797100105583,,,-1,,,,,0,-494,0.0
327,CF,,,,,,,,,,,,,,,,,,,,,,,,,,,,,,,13.119999885559082,16.600000381469727,0.1275209214623242,,,-1,,,,,0,-494,0.0
328,CMS,,,,,,,,,,,,,,,,,,,,,,,,,,,,,,,13.119999885559082,16.600000381469727,0.0583803430348467,,,-1,,,,,0,-494,0.0
329,PWR,,,,,,,,,,,,,,,,,,,,,,,,,,,,,,,13.119999885559082,16.600000381469727,-0.1914898198707268,,,-1,,,,,0,-494,0.0
330,DOV,,,,,,,,,,,,,,,,,,,,,,,,,,,,,,,13.119999885559082,16.600000381469727,4.25523252388818,,,-1,,,,,0,-494,0.0
331,VTR,,,,,,,,,,,,,,,,,,,,,,,,,,,,,,,13.119999885559082,16.600000381469727,0.247652335824955,,,-1,,,,,0,-494,0.0
332,JBHT,,,,,,,,,,,,,,,,,,,,,,,,,,,,,,,13.119999885559082,16.600000381469727,0.4769641549958174,,,-1,,,,,0,-494,0.0
333,AMCR,,,,,,,,,,,,,,,,,,,,,,,,,,,,,,,13.119999885559082,16.600000381469727,-0.8832122308913621,,,-1,,,,,0,-494,0.0
334,CFG,,,,,,,,,,,,,,,,,,,,,,,,,,,,,,,13.119999885559082,16.600000381469727,1.1041998735000325,,,-1,,,,,0,-494,0.0
335,PKI,,,,,,,,,,,,,,,,,,,,,,,,,,,,,,,13.119999885559082,16.600000381469727,0.650375103786311,,,-1,,,,,0,-494,0.0
336,WAT,,,,,,,,,,,,,,,,,,,,,,,,,,,,,,,13.119999885559082,16.600000381469727,-0.3213711880322508,,,-1,,,,,0,-494,0.0
337,MOS,,,,,,,,,,,,,,,,,,,,,,,,,,,,,,,13.119999885559082,16.600000381469727,-0.4400251035704673,,,-1,,,,,0,-494,0.0
338,PFG,,,,,,,,,,,,,,,,,,,,,,,,,,,,,,,13.119999885559082,16.600000381469727,0.8248919396859491,,,-1,,,,,0,-494,0.0
339,CTLT,,,,,,,,,,,,,,,,,,,,,,,,,,,,,,,13.119999885559082,16.600000381469727,-0.2108235694418284,,,-1,,,,,0,-494,0.0
340,ESS,,,,,,,,,,,,,,,,,,,,,,,,,,,,,,,13.119999885559082,16.600000381469727,1.6037631695696437,,,-1,,,,,0,-494,0.0
341,MOH,,,,,,,,,,,,,,,,,,,,,,,,,,,,,,,13.119999885559082,16.600000381469727,3.686036932755077,,,-1,,,,,0,-494,0.0
342,HPE,,,,,,,,,,,,,,,,,,,,,,,,,,,,,,,13.119999885559082,16.600000381469727,0.4490599830967031,,,-1,,,,,0,-494,0.0
343,BALL,,,,,,,,,,,,,,,,,,,,,,,,,,,,,,,13.119999885559082,16.600000381469727,-0.6840991216114316,,,-1,,,,,0,-494,0.0
344,FOX,,,,,,,,,,,,,,,,,,,,,,,,,,,,,,,13.119999885559082,16.600000381469727,0.4296810299990364,,,-1,,,,,0,-494,0.0
345,FOXA,,,,,,,,,,,,,,,,,,,,,,,,,,,,,,,13.119999885559082,16.600000381469727,0.2855790780562707,,,-1,,,,,0,-494,0.0
346,BRO,,,,,,,,,,,,,,,,,,,,,,,,,,,,,,,13.119999885559082,16.600000381469727,-0.3924274887312231,,,-1,,,,,0,-494,0.0
347,GRMN,,,,,,,,,,,,,,,,,,,,,,,,,,,,,,,13.119999885559082,16.600000381469727,0.8005917862489893,,,-1,,,,,0,-494,0.0
348,MTCH,,,,,,,,,,,,,,,,,,,,,,,,,,,,,,,13.119999885559082,16.600000381469727,-0.4181150605942219,,,-1,,,,,0,-494,0.0
349,BBY,,,,,,,,,,,,,,,,,,,,,,,,,,,,,,,13.119999885559082,16.600000381469727,-0.1182774747261565,,,-1,,,,,0,-494,0.0
350,CAH,,,,,,,,,,,,,,,,,,,,,,,,,,,,,,,13.119999885559082,16.600000381469727,3.93135942032173,,,-1,,,,,0,-494,0.0
351,TDY,,,,,,,,,,,,,,,,,,,,,,,,,,,,,,,13.119999885559082,16.600000381469727,0.0006661096516929,,,-1,,,,,0,-494,0.0
352,XYL,,,,,,,,,,,,,,,,,,,,,,,,,,,,,,,13.119999885559082,16.600000381469727,1.2835753443930578,,,-1,,,,,0,-494,0.0
353,VFC,,,,,,,,,,,,,,,,,,,,,,,,,,,,,,,13.119999885559082,16.600000381469727,0.2511087139864932,,,-1,,,,,0,-494,0.0
354,KEY,,,,,,,,,,,,,,,,,,,,,,,,,,,,,,,13.119999885559082,16.600000381469727,-0.0639204239318116,,,-1,,,,,0,-494,0.0
355,CLX,,,,,,,,,,,,,,,,,,,,,,,,,,,,,,,13.119999885559082,16.600000381469727,3.0430897022317893,,,-1,,,,,0,-494,0.0
356,ROL,,,,,,,,,,,,,,,,,,,,,,,,,,,,,,,13.119999885559082,16.600000381469727,0.1701284776427187,,,-1,,,,,0,-494,0.0
357,NDAQ,,,,,,,,,,,,,,,,,,,,,,,,,,,,,,,13.119999885559082,16.600000381469727,0.0248796735568966,,,-1,,,,,0,-494,0.0
358,HOLX,,,,,,,,,,,,,,,,,,,,,,,,,,,,,,,13.119999885559082,16.600000381469727,0.4676533323135774,,,-1,,,,,0,-494,0.0
359,EXPD,,,,,,,,,,,,,,,,,,,,,,,,,,,,,,,13.119999885559082,16.600000381469727,1.136657219865849,,,-1,,,,,0,-494,0.0
360,COO,,,,,,,,,,,,,,,,,,,,,,,,,,,,,,,13.119999885559082,16.600000381469727,-0.0637914172949813,,,-1,,,,,0,-494,0.0
361,ZBRA,,,,,,,,,,,,,,,,,,,,,,,,,,,,,,,13.119999885559082,16.600000381469727,2.0005115673694656,,,-1,,,,,0,-494,0.0
362,SWKS,,,,,,,,,,,,,,,,,,,,,,,,,,,,,,,13.119999885559082,16.600000381469727,-0.1875216839155167,,,-1,,,,,0,-494,0.0
363,EXPE,,,,,,,,,,,,,,,,,,,,,,,,,,,,,,,13.119999885559082,16.600000381469727,0.1698583392563614,,,-1,,,,,0,-494,0.0
364,TRMB,,,,,,,,,,,,,,,,,,,,,,,,,,,,,,,13.119999885559082,16.600000381469727,0.4686362863067321,,,-1,,,,,0,-494,0.0
365,PARA,,,,,,,,,,,,,,,,,,,,,,,,,,,,,,,13.119999885559082,16.600000381469727,-0.1483262506742558,,,-1,,,,,0,-494,0.0
366,WRB,,,,,,,,,,,,,,,,,,,,,,,,,,,,,,,13.119999885559082,16.600000381469727,-0.4200953995477854,,,-1,,,,,0,-494,0.0
367,WAB,,,,,,,,,,,,,,,,,,,,,,,,,,,,,,,13.119999885559082,16.600000381469727,-0.1824068599280736,,,-1,,,,,0,-494,0.0
368,FLT,,,,,,,,,,,,,,,,,,,,,,,,,,,,,,,13.119999885559082,16.600000381469727,-0.6808276343093064,,,-1,,,,,0,-494,0.0
369,SYF,,,,,,,,,,,,,,,,,,,,,,,,,,,,,,,13.119999885559082,16.600000381469727,-0.3788974514942376,,,-1,,,,,0,-494,0.0
370,SEDG,,,,,,,,,,,,,,,,,,,,,,,,,,,,,,,13.119999885559082,16.600000381469727,-0.6061981158876026,,,-1,,,,,0,-494,0.0
371,J,,,,,,,,,,,,,,,,,,,,,,,,,,,,,,,13.119999885559082,16.600000381469727,0.3144673429560399,,,-1,,,,,0,-494,0.0
372,STX,,,,,,,,,,,,,,,,,,,,,,,,,,,,,,,13.119999885559082,16.600000381469727,3.0543149996687537,,,-1,,,,,0,-494,0.0
373,TYL,,,,,,,,,,,,,,,,,,,,,,,,,,,,,,,13.119999885559082,16.600000381469727,1.168578674572542,,,-1,,,,,0,-494,0.0
374,GNRC,,,,,,,,,,,,,,,,,,,,,,,,,,,,,,,13.119999885559082,16.600000381469727,-0.8075141301617068,,,-1,,,,,0,-494,0.0
375,FDS,,,,,,,,,,,,,,,,,,,,,,,,,,,,,,,13.119999885559082,16.600000381469727,-0.5040160466674022,,,-1,,,,,0,-494,0.0
376,CAG,,,,,,,,,,,,,,,,,,,,,,,,,,,,,,,13.119999885559082,16.600000381469727,-0.2014318876902965,,,-1,,,,,0,-494,0.0
377,CINF,,,,,,,,,,,,,,,,,,,,,,,,,,,,,,,13.119999885559082,16.600000381469727,0.3167417277922684,,,-1,,,,,0,-494,0.0
378,AES,,,,,,,,,,,,,,,,,,,,,,,,,,,,,,,13.119999885559082,16.600000381469727,2.477024222388467,,,-1,,,,,0,-494,0.0
379,INCY,,,,,,,,,,,,,,,,,,,,,,,,,,,,,,,13.119999885559082,16.600000381469727,1.7213590244070802,,,-1,,,,,0,-494,0.0
380,DRI,,,,,,,,,,,,,,,,,,,,,,,,,,,,,,,13.119999885559082,16.600000381469727,0.5306888699493547,,,-1,,,,,0,-494,0.0
381,KMX,,,,,,,,,,,,,,,,,,,,,,,,,,,,,,,13.119999885559082,16.600000381469727,0.1783786418121727,,,-1,,,,,0,-494,0.0
382,AVY,,,,,,,,,,,,,,,,,,,,,,,,,,,,,,,13.119999885559082,16.600000381469727,0.190525422916119,,,-1,,,,,0,-494,0.0
383,ATO,,,,,,,,,,,,,,,,,,,,,,,,,,,,,,,13.119999885559082,16.600000381469727,0.1136314444632769,,,-1,,,,,0,-494,0.0
384,NTAP,,,,,,,,,,,,,,,,,,,,,,,,,,,,,,,13.119999885559082,16.600000381469727,-0.0154883257276316,,,-1,,,,,0,-494,0.0
385,IEX,,,,,,,,,,,,,,,,,,,,,,,,,,,,,,,13.119999885559082,16.600000381469727,-0.1818816267854013,,,-1,,,,,0,-494,0.0
386,DGX,,,,,,,,,,,,,,,,,,,,,,,,,,,,,,,13.119999885559082,16.600000381469727,0.9024136842031152,,,-1,,,,,0,-494,0.0
387,UDR,,,,,,,,,,,,,,,,,,,,,,,,,,,,,,,13.119999885559082,16.600000381469727,-0.0967889408751178,,,-1,,,,,0,-494,0.0
388,EVRG,,,,,,,,,,,,,,,,,,,,,,,,,,,,,,,13.119999885559082,16.600000381469727,0.8574175928913856,,,-1,,,,,0,-494,0.0
389,MRO,,,,,,,,,,,,,,,,,,,,,,,,,,,,,,,13.119999885559082,16.600000381469727,0.1359591131442945,,,-1,,,,,0,-494,0.0
390,IP,,,,,,,,,,,,,,,,,,,,,,,,,,,,,,,13.119999885559082,16.600000381469727,1.175159780049275,,,-1,,,,,0,-494,0.0
391,HWM,,,,,,,,,,,,,,,,,,,,,,,,,,,,,,,13.119999885559082,16.600000381469727,2.00280169796865,,,-1,,,,,0,-494,0.0
392,LNT,,,,,,,,,,,,,,,,,,,,,,,,,,,,,,,13.119999885559082,16.600000381469727,0.407042114748081,,,-1,,,,,0,-494,0.0
393,TER,,,,,,,,,,,,,,,,,,,,,,,,,,,,,,,13.119999885559082,16.600000381469727,-0.30422166847013,,,-1,,,,,0,-494,0.0
394,BIO,,,,,,,,,,,,,,,,,,,,,,,,,,,,,,,13.119999885559082,16.600000381469727,-0.7930650584724849,,,-1,,,,,0,-494,0.0
395,IRM,,,,,,,,,,,,,,,,,,,,,,,,,,,,,,,13.119999885559082,16.600000381469727,0.4060607880004655,,,-1,,,,,0,-494,0.0
396,CPT,,,,,,,,,,,,,,,,,,,,,,,,,,,,,,,13.119999885559082,16.600000381469727,-0.193250887728648,,,-1,,,,,0,-494,0.0
397,AKAM,,,,,,,,,,,,,,,,,,,,,,,,,,,,,,,13.119999885559082,16.600000381469727,1.0273514759089948,,,-1,,,,,0,-494,0.0
398,POOL,,,,,,,,,,,,,,,,,,,,,,,,,,,,,,,13.119999885559082,16.600000381469727,0.2110591502541168,,,-1,,,,,0,-494,0.0
399,LKQ,,,,,,,,,,,,,,,,,,,,,,,,,,,,,,,13.119999885559082,16.600000381469727,2.560431990146447,,,-1,,,,,0,-494,0.0
400,WDC,,,,,,,,,,,,,,,,,,,,,,,,,,,,,,,13.119999885559082,16.600000381469727,4.857605221953986,,,-1,,,,,0,-494,0.0
401,JKHY,,,,,,,,,,,,,,,,,,,,,,,,,,,,,,,13.119999885559082,16.600000381469727,0.6460028760978893,,,-1,,,,,0,-494,0.0
402,SWK,,,,,,,,,,,,,,,,,,,,,,,,,,,,,,,13.119999885559082,16.600000381469727,1.4067338207600988,,,-1,,,,,0,-494,0.0
403,ETSY,,,,,,,,,,,,,,,,,,,,,,,,,,,,,,,13.119999885559082,16.600000381469727,-0.0061966659376602,,,-1,,,,,0,-494,0.0
404,PEAK,,,,,,,,,,,,,,,,,,,,,,,,,,,,,,,13.119999885559082,16.600000381469727,0.3026697804885249,,,-1,,,,,0,-494,0.0
405,CPB,,,,,,,,,,,,,,,,,,,,,,,,,,,,,,,13.119999885559082,16.600000381469727,-0.5621404851340573,,,-1,,,,,0,-494,0.0
406,OMC,,,,,,,,,,,,,,,,,,,,,,,,,,,,,,,13.119999885559082,16.600000381469727,0.5333780467273793,,,-1,,,,,0,-494,0.0
407,SJM,,,,,,,,,,,,,,,,,,,,,,,,,,,,,,,13.119999885559082,16.600000381469727,0.777086362521217,,,-1,,,,,0,-494,0.0
408,DPZ,,,,,,,,,,,,,,,,,,,,,,,,,,,,,,,13.119999885559082,16.600000381469727,-0.0297415356744978,,,-1,,,,,0,-494,0.0
409,KIM,,,,,,,,,,,,,,,,,,,,,,,,,,,,,,,13.119999885559082,16.600000381469727,-0.0868114237553011,,,-1,,,,,0,-494,0.0
410,NVR,,,,,,,,,,,,,,,,,,,,,,,,,,,,,,,13.119999885559082,16.600000381469727,-0.4792416333451162,,,-1,,,,,0,-494,0.0
411,CHRW,,,,,,,,,,,,,,,,,,,,,,,,,,,,,,,13.119999885559082,16.600000381469727,2.2120336628893256,,,-1,,,,,0,-494,0.0
412,PTC,,,,,,,,,,,,,,,,,,,,,,,,,,,,,,,13.119999885559082,16.600000381469727,0.0764801126622535,,,-1,,,,,0,-494,0.0
413,TECH,,,,,,,,,,,,,,,,,,,,,,,,,,,,,,,13.119999885559082,16.600000381469727,1.5905364878184023,,,-1,,,,,0,-494,0.0
414,TXT,,,,,,,,,,,,,,,,,,,,,,,,,,,,,,,13.119999885559082,16.600000381469727,0.6942125806104549,,,-1,,,,,0,-494,0.0
415,BEN,,,,,,,,,,,,,,,,,,,,,,,,,,,,,,,13.119999885559082,16.600000381469727,1.6731242555875825,,,-1,,,,,0,-494,0.0
416,FMC,,,,,,,,,,,,,,,,,,,,,,,,,,,,,,,13.119999885559082,16.600000381469727,0.4759146240202883,,,-1,,,,,0,-494,0.0
417,MGM,,,,,,,,,,,,,,,,,,,,,,,,,,,,,,,13.119999885559082,16.600000381469727,4.545976826690635,,,-1,,,,,0,-494,0.0
418,L,,,,,,,,,,,,,,,,,,,,,,,,,,,,,,,13.119999885559082,16.600000381469727,2.725979101407024,,,-1,,,,,0,-494,0.0
419,NDSN,,,,,,,,,,,,,,,,,,,,,,,,,,,,,,,13.119999885559082,16.600000381469727,2.1464070510864808,,,-1,,,,,0,-494,0.0
420,BXP,,,,,,,,,,,,,,,,,,,,,,,,,,,,,,,13.119999885559082,16.600000381469727,0.3103123357219189,,,-1,,,,,0,-494,0.0
421,HST,,,,,,,,,,,,,,,,,,,,,,,,,,,,,,,13.119999885559082,16.600000381469727,0.4445606898437046,,,-1,,,,,0,-494,0.0
422,NLOK,,,,,,,,,,,,,,,,,,,,,,,,,,,,,,,13.119999885559082,16.600000381469727,-0.84919676393629,,,-1,,,,,0,-494,0.0
423,LDOS,,,,,,,,,,,,,,,,,,,,,,,,,,,,,,,13.119999885559082,16.600000381469727,0.3699775758560715,,,-1,,,,,0,-494,0.0
424,PKG,,,,,,,,,,,,,,,,,,,,,,,,,,,,,,,13.119999885559082,16.600000381469727,-0.4326137882083101,,,-1,,,,,0,-494,0.0
425,VTRS,,,,,,,,,,,,,,,,,,,,,,,,,,,,,,,13.119999885559082,16.600000381469727,-0.1559611115954457,,,-1,,,,,0,-494,0.0
426,ABMD,,,,,,,,,,,,,,,,,,,,,,,,,,,,,,,13.119999885559082,16.600000381469727,0.4943292341157727,,,-1,,,,,0,-494,0.0
427,UAL,,,,,,,,,,,,,,,,,,,,,,,,,,,,,,,13.119999885559082,16.600000381469727,0.3796778070845451,,,-1,,,,,0,-494,0.0
428,NI,,,,,,,,,,,,,,,,,,,,,,,,,,,,,,,13.119999885559082,16.600000381469727,2.54539630931776,,,-1,,,,,0,-494,0.0
429,CE,,,,,,,,,,,,,,,,,,,,,,,,,,,,,,,13.119999885559082,16.600000381469727,2.027041055413488,,,-1,,,,,0,-494,0.0
430,CBOE,,,,,,,,,,,,,,,,,,,,,,,,,,,,,,,13.119999885559082,16.600000381469727,0.1195162767497829,,,-1,,,,,0,-494,0.0
431,AAP,,,,,,,,,,,,,,,,,,,,,,,,,,,,,,,13.119999885559082,16.600000381469727,-0.3869825404552988,,,-1,,,,,0,-494,0.0
432,MAS,,,,,,,,,,,,,,,,,,,,,,,,,,,,,,,13.119999885559082,16.600000381469727,0.7144522899148051,,,-1,,,,,0,-494,0.0
433,SBNY,,,,,,,,,,,,,,,,,,,,,,,,,,,,,,,13.119999885559082,16.600000381469727,-0.476521678160096,,,-1,,,,,0,-494,0.0
434,EMN,,,,,,,,,,,,,,,,,,,,,,,,,,,,,,,13.119999885559082,16.600000381469727,0.3654469687084278,,,-1,,,,,0,-494,0.0
435,SNA,,,,,,,,,,,,,,,,,,,,,,,,,,,,,,,13.119999885559082,16.600000381469727,-0.3456261308876825,,,-1,,,,,0,-494,0.0
436,CCL,,,,,,,,,,,,,,,,,,,,,,,,,,,,,,,13.119999885559082,16.600000381469727,0.3115422659752392,,,-1,,,,,0,-494,0.0
437,IPG,,,,,,,,,,,,,,,,,,,,,,,,,,,,,,,13.119999885559082,16.600000381469727,2.146777304198391,,,-1,,,,,0,-494,0.0
438,LW,,,,,,,,,,,,,,,,,,,,,,,,,,,,,,,13.119999885559082,16.600000381469727,0.202120246238545,,,-1,,,,,0,-494,0.0
439,TFX,,,,,,,,,,,,,,,,,,,,,,,,,,,,,,,13.119999885559082,16.600000381469727,-0.1706854860829181,,,-1,,,,,0,-494,0.0
440,LUMN,,,,,,,,,,,,,,,,,,,,,,,,,,,,,,,13.119999885559082,16.600000381469727,-0.3603379020177795,,,-1,,,,,0,-494,0.0
441,CRL,,,,,,,,,,,,,,,,,,,,,,,,,,,,,,,13.119999885559082,16.600000381469727,1.57070600802875,,,-1,,,,,0,-494,0.0
442,REG,,,,,,,,,,,,,,,,,,,,,,,,,,,,,,,13.119999885559082,16.600000381469727,-0.4893280771255098,,,-1,,,,,0,-494,0.0
443,TAP,,,,,,,,,,,,,,,,,,,,,,,,,,,,,,,13.119999885559082,16.600000381469727,1.3221911084618745,,,-1,,,,,0,-494,0.0
444,HAS,,,,,,,,,,,,,,,,,,,,,,,,,,,,,,,13.119999885559082,16.600000381469727,-0.0020502025012869,,,-1,,,,,0,-494,0.0
445,CMA,,,,,,,,,,,,,,,,,,,,,,,,,,,,,,,13.119999885559082,16.600000381469727,0.2028583038736907,,,-1,,,,,0,-494,0.0
446,RCL,,,,,,,,,,,,,,,,,,,,,,,,,,,,,,,13.119999885559082,16.600000381469727,0.9660755629156724,,,-1,,,,,0,-494,0.0
447,CZR,,,,,,,,,,,,,,,,,,,,,,,,,,,,,,,13.119999885559082,16.600000381469727,-0.4361807196708806,,,-1,,,,,0,-494,0.0
448,QRVO,,,,,,,,,,,,,,,,,,,,,,,,,,,,,,,13.119999885559082,16.600000381469727,0.1005180788684159,,,-1,,,,,0,-494,0.0
449,WRK,,,,,,,,,,,,,,,,,,,,,,,,,,,,,,,13.119999885559082,16.600000381469727,4.408245897226921,,,-1,,,,,0,-494,0.0
450,RE,,,,,,,,,,,,,,,,,,,,,,,,,,,,,,,13.119999885559082,16.600000381469727,-0.1331120435846821,,,-1,,,,,0,-494,0.0
451,NWS,,,,,,,,,,,,,,,,,,,,,,,,,,,,,,,13.119999885559082,16.600000381469727,-0.2612633814174744,,,-1,,,,,0,-494,0.0
452,NWSA,,,,,,,,,,,,,,,,,,,,,,,,,,,,,,,13.119999885559082,16.600000381469727,0.5357102413888333,,,-1,,,,,0,-494,0.0
453,APA,,,,,,,,,,,,,,,,,,,,,,,,,,,,,,,13.119999885559082,16.600000381469727,-0.3736226570567122,,,-1,,,,,0,-494,0.0
454,CDAY,,,,,,,,,,,,,,,,,,,,,,,,,,,,,,,13.119999885559082,16.600000381469727,-0.5544560418768867,,,-1,,,,,0,-494,0.0
455,MKTX,,,,,,,,,,,,,,,,,,,,,,,,,,,,,,,13.119999885559082,16.600000381469727,-0.3365113938018167,,,-1,,,,,0,-494,0.0
456,HSIC,,,,,,,,,,,,,,,,,,,,,,,,,,,,,,,13.119999885559082,16.600000381469727,-0.3686017839905458,,,-1,,,,,0,-494,0.0
457,AOS,,,,,,,,,,,,,,,,,,,,,,,,,,,,,,,13.119999885559082,16.600000381469727,2.1530228263632782,,,-1,,,,,0,-494,0.0
458,PHM,,,,,,,,,,,,,,,,,,,,,,,,,,,,,,,13.119999885559082,16.600000381469727,-0.4134613346152684,,,-1,,,,,0,-494,0.0
459,FFIV,,,,,,,,,,,,,,,,,,,,,,,,,,,,,,,13.119999885559082,16.600000381469727,-0.4375910456425705,,,-1,,,,,0,-494,0.0
460,DISH,,,,,,,,,,,,,,,,,,,,,,,,,,,,,,,13.119999885559082,16.600000381469727,-0.4269909427583996,,,-1,,,,,0,-494,0.0
461,GL,,,,,,,,,,,,,,,,,,,,,,,,,,,,,,,13.119999885559082,16.600000381469727,0.0981840603941177,,,-1,,,,,0,-494,0.0
462,AAL,,,,,,,,,,,,,,,,,,,,,,,,,,,,,,,13.119999885559082,16.600000381469727,-0.1077939985232608,,,-1,,,,,0,-494,0.0
463,NRG,,,,,,,,,,,,,,,,,,,,,,,,,,,,,,,13.119999885559082,16.600000381469727,-0.0168159630876836,,,-1,,,,,0,-494,0.0
464,WHR,,,,,,,,,,,,,,,,,,,,,,,,,,,,,,,13.119999885559082,16.600000381469727,-0.1509638977915014,,,-1,,,,,0,-494,0.0
465,ALLE,,,,,,,,,,,,,,,,,,,,,,,,,,,,,,,13.119999885559082,16.600000381469727,-0.4993029353611066,,,-1,,,,,0,-494,0.0
466,BWA,,,,,,,,,,,,,,,,,,,,,,,,,,,,,,,13.119999885559082,16.600000381469727,-0.1136637772618852,,,-1,,,,,0,-494,0.0
467,JNPR,,,,,,,,,,,,,,,,,,,,,,,,,,,,,,,13.119999885559082,16.600000381469727,0.3372279574296232,,,-1,,,,,0,-494,0.0
468,BBWI,,,,,,,,,,,,,,,,,,,,,,,,,,,,,,,13.119999885559082,16.600000381469727,-0.4468888626961351,,,-1,,,,,0,-494,0.0
469,TPR,,,,,,,,,,,,,,,,,,,,,,,,,,,,,,,13.119999885559082,16.600000381469727,-0.1202201808108292,,,-1,,,,,0,-494,0.0
470,HII,,,,,,,,,,,,,,,,,,,,,,,,,,,,,,,13.119999885559082,16.600000381469727,0.2909788250604608,,,-1,,,,,0,-494,0.0
471,UHS,,,,,,,,,,,,,,,,,,,,,,,,,,,,,,,13.119999885559082,16.600000381469727,0.6401248787206959,,,-1,,,,,0,-494,0.0
472,FRT,,,,,,,,,,,,,,,,,,,,,,,,,,,,,,,13.119999885559082,16.600000381469727,0.4637948495642541,,,-1,,,,,0,-494,0.0
473,FBHS,,,,,,,,,,,,,,,,,,,,,,,,,,,,,,,13.119999885559082,16.600000381469727,2.992626548082985,,,-1,,,,,0,-494,0.0
474,AIZ,,,,,,,,,,,,,,,,,,,,,,,,,,,,,,,13.119999885559082,16.600000381469727,-0.3367205565225887,,,-1,,,,,0,-494,0.0
475,RHI,,,,,,,,,,,,,,,,,,,,,,,,,,,,,,,13.119999885559082,16.600000381469727,1.1639566810732365,,,-1,,,,,0,-494,0.0
476,ZION,,,,,,,,,,,,,,,,,,,,,,,,,,,,,,,13.119999885559082,16.600000381469727,-0.3000478421230467,,,-1,,,,,0,-494,0.0
477,NWL,,,,,,,,,,,,,,,,,,,,,,,,,,,,,,,13.119999885559082,16.600000381469727,0.5034301980548966,,,-1,,,,,0,-494,0.0
478,PNW,,,,,,,,,,,,,,,,,,,,,,,,,,,,,,,13.119999885559082,16.600000381469727,0.2388264917311821,,,-1,,,,,0,-494,0.0
479,LNC,,,,,,,,,,,,,,,,,,,,,,,,,,,,,,,13.119999885559082,16.600000381469727,-0.6621523604094052,,,-1,,,,,0,-494,0.0
480,IVZ,,,,,,,,,,,,,,,,,,,,,,,,,,,,,,,13.119999885559082,16.600000381469727,-0.6223242662905943,,,-1,,,,,0,-494,0.0
481,SEE,,,,,,,,,,,,,,,,,,,,,,,,,,,,,,,13.119999885559082,16.600000381469727,0.3063384924449072,,,-1,,,,,0,-494,0.0
482,DVA,,,,,,,,,,,,,,,,,,,,,,,,,,,,,,,13.119999885559082,16.600000381469727,-1.0300793566026076,,,-1,,,,,0,-494,0.0
483,PNR,,,,,,,,,,,,,,,,,,,,,,,,,,,,,,,13.119999885559082,16.600000381469727,4.94115070822582,,,-1,,,,,0,-494,0.0
484,MHK,,,,,,,,,,,,,,,,,,,,,,,,,,,,,,,13.119999885559082,16.600000381469727,1.4046516899338373,,,-1,,,,,0,-494,0.0
485,XRAY,,,,,,,,,,,,,,,,,,,,,,,,,,,,,,,13.119999885559082,16.600000381469727,-0.5281753737989133,,,-1,,,,,0,-494,0.0
486,WYNN,,,,,,,,,,,,,,,,,,,,,,,,,,,,,,,13.119999885559082,16.600000381469727,1.103341480345081,,,-1,,,,,0,-494,0.0
487,RL,,,,,,,,,,,,,,,,,,,,,,,,,,,,,,,13.119999885559082,16.600000381469727,-0.9554100736533572,,,-1,,,,,0,-494,0.0
488,DXC,,,,,,,,,,,,,,,,,,,,,,,,,,,,,,,13.119999885559082,16.600000381469727,-0.8045822769466822,,,-1,,,,,0,-494,0.0
489,ALK,,,,,,,,,,,,,,,,,,,,,,,,,,,,,,,13.119999885559082,16.600000381469727,1.4191713301322335,,,-1,,,,,0,-494,0.0
490,PENN,,,,,,,,,,,,,,,,,,,,,,,,,,,,,,,13.119999885559082,16.600000381469727,0.7101968008749314,,,-1,,,,,0,-494,0.0
491,VNO,,,,,,,,,,,,,,,,,,,,,,,,,,,,,,,13.119999885559082,16.600000381469727,0.7589397965735606,,,-1,,,,,0,-494,0.0
492,PVH,,,,,,,,,,,,,,,,,,,,,,,,,,,,,,,13.119999885559082,16.600000381469727,-0.393926165017501,,,-1,,,,,0,-494,0.0
493,NCLH,,,,,,,,,,,,,,,,,,,,,,,,,,,,,,,13.119999885559082,16.600000381469727,0.2592134692579562,,,-1,,,,,0,-494,0.0
